<?xml version="1.0" encoding="UTF-8" standalone="yes"?>
<report>
	<class name="org/apache/bookkeeper/bookie/EntryKey">
		<method name="equals" desc="(Ljava/lang/Object;)Z">
			<du var="this" def="59" use="63" target="63" covered="1"/>
			<du var="this" def="59" use="63" target="63" covered="1"/>
			<du var="this" def="59" use="63" target="63" covered="1"/>
			<du var="this" def="59" use="63" target="63" covered="1"/>
			<du var="other" def="59" use="59" target="60" covered="1"/>
			<du var="other" def="59" use="59" target="62" covered="1"/>
			<du var="other" def="59" use="62" covered="1"/>
			<du var="this.ledgerId" def="59" use="63" target="63" covered="1"/>
			<du var="this.ledgerId" def="59" use="63" target="63" covered="1"/>
			<du var="this.entryId" def="59" use="63" target="63" covered="1"/>
			<du var="this.entryId" def="59" use="63" target="63" covered="1"/>
			<du var="key" def="62" use="63" target="63" covered="1"/>
			<du var="key" def="62" use="63" target="63" covered="1"/>
			<du var="key" def="62" use="63" target="63" covered="1"/>
			<du var="key" def="62" use="63" target="63" covered="1"/>
			<du var="key.ledgerId" def="62" use="63" target="63" covered="1"/>
			<du var="key.ledgerId" def="62" use="63" target="63" covered="1"/>
			<du var="key.entryId" def="62" use="63" target="63" covered="1"/>
			<du var="key.entryId" def="62" use="63" target="63" covered="1"/>
			<counter type="DU" missed="0" covered="19"/>
			<counter type="METHOD" missed="0" covered="1"/>
		</method>
		<counter type="DU" missed="0" covered="19"/>
		<counter type="METHOD" missed="0" covered="1"/>
		<counter type="CLASS" missed="0" covered="1"/>
	</class>

	<class name="org/apache/bookkeeper/bookie/LogMark">
		<method name="compare" desc="(Lorg/apache/bookkeeper/bookie/LogMark;)I">
			<du var="this" def="69" use="71" covered="1"/>
			<du var="other" def="69" use="71" covered="1"/>
			<du var="this.logFileOffset" def="69" use="71" covered="1"/>
			<du var="ret" def="69" use="70" target="71" covered="1"/>
			<du var="ret" def="69" use="70" target="73" covered="1"/>
			<du var="ret" def="69" use="73" target="73" covered="1"/>
			<du var="ret" def="69" use="73" target="73" covered="1"/>
			<du var="ret" def="69" use="73" target="73" covered="1"/>
			<du var="ret" def="69" use="73" target="73" covered="0"/>
			<du var="ret" def="71" use="73" target="73" covered="1"/>
			<du var="ret" def="71" use="73" target="73" covered="1"/>
			<du var="ret" def="71" use="73" target="73" covered="1"/>
			<du var="ret" def="71" use="73" target="73" covered="1"/>
			<counter type="DU" missed="1" covered="12"/>
			<counter type="METHOD" missed="0" covered="1"/>
		</method>
		<counter type="DU" missed="1" covered="12"/>
		<counter type="METHOD" missed="0" covered="1"/>
		<counter type="CLASS" missed="0" covered="1"/>
	</class>

	<class name="org/apache/bookkeeper/bookie/KeyComparator">
		<method name="compare" desc="(Lorg/apache/bookkeeper/bookie/EntryKey;Lorg/apache/bookkeeper/bookie/EntryKey;)I">
			<du var="left" def="81" use="83" covered="1"/>
			<du var="right" def="81" use="83" covered="1"/>
			<du var="left.entryId" def="81" use="83" covered="1"/>
			<du var="right.entryId" def="81" use="83" covered="1"/>
			<du var="ret" def="81" use="82" target="83" covered="1"/>
			<du var="ret" def="81" use="82" target="85" covered="1"/>
			<du var="ret" def="81" use="85" target="85" covered="1"/>
			<du var="ret" def="81" use="85" target="85" covered="1"/>
			<du var="ret" def="81" use="85" target="85" covered="1"/>
			<du var="ret" def="81" use="85" target="85" covered="0"/>
			<du var="ret" def="83" use="85" target="85" covered="1"/>
			<du var="ret" def="83" use="85" target="85" covered="1"/>
			<du var="ret" def="83" use="85" target="85" covered="1"/>
			<du var="ret" def="83" use="85" target="85" covered="1"/>
			<counter type="DU" missed="1" covered="13"/>
			<counter type="METHOD" missed="0" covered="1"/>
		</method>
		<counter type="DU" missed="1" covered="13"/>
		<counter type="METHOD" missed="0" covered="1"/>
		<counter type="CLASS" missed="0" covered="1"/>
	</class>
</report>